{"cameraMode":{"drawMode":0,"name":"Shaded","section":"Shading Mode"},"sceneLighting":false,"audioPlay":false,"sceneViewState":{"showFog":true,"showMaterialUpdate":false,"showSkybox":false,"showFlares":true,"showImageEffects":true,"showParticleSystems":true},"in2DMode":false,"pivot":{"x":-0.33000004291534426,"y":0.09000003337860108,"z":8.229999542236329},"rotation":{"x":-0.20571288466453553,"y":0.6010661125183106,"z":-0.16383782029151917,"w":-0.7546913623809815},"size":4.286825656890869,"orthographic":false}