{"cameraMode":{"drawMode":0,"name":"Shaded","section":"Shading Mode"},"sceneLighting":true,"audioPlay":false,"sceneViewState":{"showFog":true,"showMaterialUpdate":false,"showSkybox":true,"showFlares":true,"showImageEffects":true,"showParticleSystems":true},"in2DMode":false,"pivot":{"x":6.492368221282959,"y":-0.12390697002410889,"z":1.1714086532592774},"rotation":{"x":0.12285149097442627,"y":-0.720668375492096,"z":0.13226692378520966,"w":0.669365406036377},"size":6.858321666717529,"orthographic":false}