{"cameraMode":{"drawMode":0,"name":"Shaded","section":"Shading Mode"},"sceneLighting":false,"audioPlay":false,"sceneViewState":{"showFog":true,"showMaterialUpdate":false,"showSkybox":false,"showFlares":true,"showImageEffects":true,"showParticleSystems":true},"in2DMode":false,"pivot":{"x":-0.33000004291534426,"y":0.09000003337860108,"z":8.229999542236329},"rotation":{"x":0.17673359811306,"y":0.09520566463470459,"z":-0.017178544774651529,"w":0.9794927835464478},"size":4.286825656890869,"orthographic":false}